x,y,z
9.762700785464943,-10.641335926183771,5.168894961487734
43.0378732744839,67.39807305773675,9.173835855456296
20.552675214328772,-55.63519389800078,4.358577943776416
8.976636599379376,-1.2109488675597504,5.412503363942176
-15.269040132219061,85.92374788935089,6.814260430069574
29.17882261333122,33.44294135733497,7.46222937138661
-12.482557747461499,59.615803951199496,6.164346231162909
78.35460015641596,10.198794037097244,9.223693828933715
92.73255210020585,96.093291768126,12.519426358054073
-23.31169623484446,17.732430936294847,4.366388116346622
58.34500761653291,-90.89785720748169,5.190314664602195
5.778983950580894,-60.40344001204103,3.476845997167814
13.608912218786458,-19.045274208570405,5.109087384682211
85.1193276585322,20.255434514755265,9.863629418369268
-85.7927883604226,54.386173481791985,2.3419457864326287
-82.57414005969186,-17.382774819222746,0.34980975243872425
-95.95632051193486,42.01166100313773,1.4625338044973883
66.5239691095876,57.97390062182498,10.065415474134129
55.63135018997011,-36.547960550003445,6.685128692998402
74.00242964936382,95.8540480071637,11.575742922683101
95.72366844655281,29.9312990471671,10.684122393742655
59.83171284334472,76.19961215722623,10.277574006884024
-7.704127549413627,11.187537761721345,4.950419755380959
56.10583525729109,48.32062143046474,9.254910405778496
-76.34511482621335,54.10881232327307,2.8060086283875245
27.984204265504758,81.64967584691581,8.848700488682713
-71.32934251819071,-69.93004862572593,0.0
88.93378340991677,11.656684833849695,9.79638971551133
4.369664350014332,-14.324297378828746,4.7887542961358545
-17.067612001895284,84.63180423474805,6.685573526947677
-47.088877579074605,-78.98106115020016,0.27612428654026466
54.84673788684333,96.51477773618257,10.637780226427644
-8.76993355669029,75.09026481865925,6.814211266725263
13.6867897737297,-85.2347436871503,3.1272971780719763
-96.24203991272897,-1.8067228919051104,0.13369631760639766
23.527099415175414,43.511900042505175,7.481711972033926
22.419144544484283,47.63030913821129,7.549866501370553
23.38679937495138,81.29882504758416,8.608304720175093
88.74961570292484,59.97308711646218,11.236673398640107
36.364059820696696,-37.8139239311821,5.683785273099372
-28.098419885242805,-0.31304282750951984,3.585687720912574
-12.593609240131713,40.357152587170816,5.581034115608539
39.526239185452965,-72.31263172712971,4.806933007458757
-87.95490567414603,-61.20184047996054,0.0
33.353343089133546,-3.791510378025478,6.553921843115913
34.12757392363187,-40.350840258897456,5.49585348841467
-57.92348778523182,72.51184995681899,4.279181109442979
-74.21474046902934,17.255464304123592,1.806926905672241
-36.91432981516323,-30.26696045632646,2.246274695552045
-27.257845811475477,69.76660512088202,5.730105863052687
14.03935408357593,60.975689710847774,7.5312383955042295
-12.279697307535926,99.6709754198539,7.3761443972188205
97.67476761184523,69.46153766674698,11.967584510594671
-79.59103785039439,-17.10869303886406,0.5071873163143588
-58.22464878103306,-74.5002236460023,0.0
-67.73809642300074,68.12818164009556,3.6569406280528294
30.621665093079685,-88.04841640792121,3.889630762416348
-49.341679492043575,-29.94575853102917,1.634543269466946
-6.737845428738737,83.94759615425477,7.181535613190706
-51.11488159967945,92.15329468902013,5.208854760686631
-68.20608327089606,28.112918704243697,2.4330833975825077
-77.92497176713897,37.729663396742694,2.235641313545332
31.265917893054677,-91.50910225489551,3.818022827005869
-72.36340973027724,2.8960682179095727,1.4687115600234248
-60.6835276639893,9.373635761268247,2.2470326896385817
-26.254965867807172,-31.97985077517778,2.727856183354308
64.19864596958703,-86.28063304922313,5.621513307002658
-80.57974484138775,-54.2184800551212,0.0
67.58898149976079,-28.403212627760738,7.5273526961552175
-80.78031842120738,-12.971602696734081,0.5718359980376082
95.29189300267916,18.18534510671384,10.310155003335373
-6.269759670459678,44.47830373964729,6.020861128666435
95.35221763806743,-36.47362534521077,8.67340212154705
20.969103949009195,-34.209248016203375,5.022177756964359
47.85271587966034,-96.06167145525926,4.510785650325239
-92.16244154913586,-91.82502798119634,0.0
-43.438607484718084,-48.435661138292716,1.3749997916153145
-75.96068775736622,48.04899953499134,2.643435598181429
-40.771960495571015,25.66276607478244,3.7312849574649225
-76.25445620915119,53.95780413556693,2.8060113136094484
-36.403364121204795,53.78388724296434,4.79334841122869
-17.14740109706601,71.31349353386025,6.282034751162508
-87.17050073024313,44.063853197376716,1.9633905594091443
38.49442387400396,95.80218380016456,9.798786707705135
13.320290841315028,79.76504386036348,8.058965857876656
-46.92210181211092,17.343433244646846,3.1741979067338595
4.6496106933399375,17.63153409823434,5.761426557614027
-81.21189784831166,-93.1465919295541,0.0
15.189299111235854,99.70531554167087,8.750624421811919
85.85923951524282,-73.68480052677164,7.082417959958992
-36.286209509735265,48.06943932631839,4.627772704302789
33.48207599273633,64.20303902486177,8.60019497038267
-73.64042751912157,-25.38909413895935,0.5563057998751404
43.26544082371311,-60.62958906693725,5.344384369177538
-42.11878141055978,-80.248022641889,0.48662025021534117
-63.361727598576636,49.72120116591557,3.3235496550486348
17.302586962016633,-9.469294158860862,5.581050523335006
-95.9784907625013,42.743551800227124,1.483382015881749
65.78800584347263,83.0815297703601,10.781846185284435
-99.06090476149059,-70.68325276978867,0.0
35.56330735924601,83.83420014475993,9.293191372305099
-45.99840536156703,-17.674708098312664,2.1698384889722684
47.038804424518986,-38.94659802054219,6.183542280609684
92.43770902348766,88.61245212055582,12.280259014791056
-50.24937129600839,98.13033852127987,5.431441590837975
15.231466883567379,-60.22155644651037,3.954926650783058
18.408386254367798,31.367669390396657,6.86144939443029
14.450381158174679,-78.70093724578793,3.3614909405350963
-55.383673471876335,30.18280077150115,3.136300349551217
90.549802303397,65.46264555516993,11.491369481824947
-10.574924276474533,36.89970930481351,5.5782450653206785
69.28173449422556,-16.533371587480843,7.968085577086853
39.895855063500875,-23.386728087246084,6.293190910557661
-40.51260982897327,-21.375516955316584,2.333103999891839
62.75956394049544,17.942363598584635,8.676249104982311
-20.698851830603076,76.31345401449911,6.254461028904819
76.22063942223232,85.81323145375356,11.385428914724223
16.25457452717174,-89.29407595853638,3.1339064476024956
76.34707237097055,-63.67552107086234,6.907087986422658
38.50631801555318,-77.5551368343423,4.59866179574739
45.050855963928115,-61.3330718466172,5.41255064279789
0.26487638534045743,-30.67843787816564,4.092890682922054
91.21672694464479,1.3063365245247667,9.600026442967984
28.79803984592749,25.892245401830436,7.216669354351287
-15.22899028836406,46.4284438279403,5.631403800420006
21.278642825584868,78.02230827716141,8.404601389594085
-96.16136033813329,97.81768744595814,3.1264626064720793
-39.68503666509014,32.57129571142397,3.992887038088212
32.03470749853702,69.07290373355261,8.67392248693343
-41.98447855791119,55.607769384939786,4.569009153652634
23.60308579976831,-38.493592156257606,5.025346525300687
-14.246259810846766,75.1384540469846,6.5418406308672
-72.90518715550995,-91.44737241044024,0.0
-40.34353480879385,-99.92653124970843,0.0
13.992982140252977,-45.25347412230716,4.342044883343434
18.174552249634644,-7.580494074510028,5.681312790246431
14.865049769915757,27.67257900013547,6.573429858499852
30.640163971426716,-79.64594669109104,4.142629797838604
30.420654000337777,34.60202676696801,7.559093503025929
-13.716312913205215,60.3631734119389,6.125079556697907
79.3093191702126,-62.93741608412664,7.077343475986831
-26.487625990420696,-16.974949033641224,3.1663702294697282
-12.827014946874641,3.996997990661953,4.478559192376126
78.38467100313443,-9.638596383103874,8.630075658663605
61.23879780921715,59.965986177694134,9.860919475791682
40.77771670807326,92.10447962386615,9.802020224119648
-79.95462253753978,59.79063280163598,2.7959878571720904
83.8965227489347,-84.40143642483508,6.6627830447016825
42.848259909822275,60.98711443182543,8.972026428445876
99.7694013135733,-86.68073355288976,7.388048059091973
-70.11033906840126,-52.805922951686,0.0
73.62521147364285,-69.38062063285544,6.59984195469648
-67.50141306472503,-60.496178630782914,0.0
23.11191285676884,5.66302541147013,6.325486405182546
-75.2360034301117,34.33797152217073,2.268338974159537
69.60164586444688,-5.935743532791804,8.30200998723859
61.46379174500214,91.93912780584873,10.83136342142557
13.820147722918662,-51.94153599396667,4.132761306326933
-18.563340554800064,52.628046050958574,5.650674353788754
-86.16660090897238,74.0364357014297,2.912763025594271
39.48575462891273,12.413222150943824,7.346684395973951
-9.291463464386226,-8.755499607689373,4.272761838550007
44.41111989406957,19.23688935584873,7.797662675378941
73.27646518572584,-14.238045967931413,8.23668188024835
95.10430100057715,11.038776464673887,10.086378343969074
71.16066847852221,-16.61320957423969,8.059637136698921
-97.6571831629996,-19.906057941173188,0.0
-28.004387104327222,39.06929362790598,4.771859453620818
45.9981124848116,-81.42975738640641,4.857012902648387
-65.6740645477119,-66.69158545423583,0.0
4.207321240825863,70.23969434300079,7.317556892331316
-89.13240233214927,54.21546936303761,2.169843964283665
-60.00069502071999,-43.70925454112125,0.6886876127303632
-96.2956411078772,-24.54621346684796,0.0
58.73954067148412,85.2053013256961,10.493136073345088
-55.21506238792397,63.61544503477225,4.147710231646968
-30.929663860619456,22.86925999592617,4.139594606846813
85.61625869311817,-55.701964239408454,7.609754007473654
40.88288038470657,-91.14960573694609,4.309655847126946
-93.63221409373843,-13.748430631620366,0.0
-67.06116870041745,34.52542785149237,2.682704400523898
24.295680299952707,65.6960981035703,8.185666958104743
15.445717720833514,70.53780114845387,7.888419920495291
-52.42143572509828,-93.44481974132732,0.0
86.84279958495875,-51.168593232624126,7.807082182269214
22.793191193179197,-32.18108230451939,5.174227090523378
7.126560604991667,-62.25355780812283,3.4887212960058984
17.981995270914197,60.595075672767564,7.716952033728736
46.02440590335394,53.49315261698851,8.906014873677352
-37.61100090407963,3.3666080761941544,3.220448197081843
-20.35578755678162,96.5852955991711,6.879769490136052
-58.03125020497557,-71.18829178183155,0.0
-62.761398823932765,79.93034066553378,4.259840278769374
88.87447799678671,-76.70734916761677,7.142503424810833
47.91015900985752,-67.36365889717587,5.3745981835776
-1.9082382764865855,39.243840050123765,6.081903287679384
-54.51707440533535,-78.08606159166214,0.0
-49.12870364592141,13.169019083742171,2.9386353902161946
-88.39416793522487,-15.95329270546928,0.10169282207467845
-13.11667488837584,45.69479310820296,5.715010048827296
-37.640823601179484,80.13504776177302,5.5220102527942165
39.26869776309189,53.97430293381106,8.582663976168927
-24.449632141503812,69.93797528423767,5.87565765145194
-64.07926448807304,-93.41091029375352,0.0
-95.06425432173376,-37.960900351159374,0.0
-86.55007370735028,3.0866173372664747,0.7650948347504807
35.87855469971345,-16.80933707404411,6.289647622764349
-9.260631088790944,-53.749009404062306,2.924498163438584
7.315842221744447,-38.42518040799534,4.213036698847362
79.33425860806841,89.08619407832114,11.639298752753055
98.06778947934086,-41.16382402572969,8.668474753195152
-56.62060312030521,-29.219177964042856,1.2923945050634535
32.615640620020145,-99.25804524999626,3.6530406735011196
-47.33552465256987,69.0155254555749,4.703689531038753
-95.86980010685426,-69.03185931968467,0.0
51.67573076722829,-59.17114489725479,5.8086521914437705
-35.996569835506435,-48.947096581594884,1.731758610776832
-23.307221165620405,76.92441136896852,6.1423712827880355
17.66342271072115,-58.709717750737056,4.121879603013946
66.2096910472381,59.505272173588,10.095642717569545
25.796368718229743,61.609868064580894,8.138114477848914
74.53013108947906,85.40411375727916,11.288629967192328
-45.29159303687285,-76.8877372799372,0.4287882297582417
59.60936678251275,-56.544205532433736,6.284142173152626
-62.87281113880956,48.57965841614427,3.31374919554385
90.55833139438892,-60.79984914385219,7.703921095403881
37.49765527756307,-42.734090625310195,5.592860045118847
-56.89846457728831,-66.65168397772747,0.15552625180376012
89.47411809778484,-65.46066276899015,7.509886021819538
46.17116135403157,-3.6893290743588665,7.197878195470812
-49.21167148099484,-78.06338757740829,0.19751479862800903
-57.337604526503604,-35.66047630727556,1.0633054844565528
3.6401427861326567,-14.681218080224198,4.741570596899907
-94.86745638909369,-95.09037669520448,0.0
-58.50598491177812,-22.333366705109484,1.404699753257809
-15.062906249698756,-81.1755127828966,1.811589304028164
-25.166003933154883,-1.2842937707646627,3.703170990219316
-7.284915127037863,65.14763771141926,6.590183374990685
-44.47425874105362,63.68443243635744,4.686820036038042
17.356869291633757,-83.9102968925199,3.350534557806091
72.77112118464629,20.24555153490404,9.245922605279436
-76.49362880759338,66.9172763942473,3.1828368514477496
3.4758214308228332,-52.40549141307294,3.601626329148954
-73.58637873096933,52.38530228991982,2.8922401321491282
43.37193623851874,78.15286929001866,9.513182890626496
-20.788059438541254,61.22483028808884,5.797341936715602
13.084262371701797,-78.5397936968991,3.298019307678117
-63.34403275718428,-98.18800009552302,0.0
-71.03044813132456,-61.655178015630874,0.0
-2.3887438702090833,-45.90453181067535,3.5034268521692855
-28.877452430008873,23.236598123191897,4.253225322195313
88.08638905056262,-23.145364951536322,8.70995850398204
53.06505076139305,40.68140613229468,8.873694722038493
49.73272397010945,-29.385007895678285,6.605085961635124
80.74394794918669,-69.11491506907994,6.963749945386937
-83.31551291159629,-37.46203130279297,0.0
10.438493984481312,76.86484527782699,7.827870057558876
16.89521379115378,91.70646884901296,8.595954755028078
92.38727570944582,-58.49745318652631,7.864440189876501
-41.57049464149023,57.69367740488826,4.652285590072136
-51.83424401691064,-45.330252692025866,1.0483802183936923
-79.94121154690043,77.42630868628152,3.3257286832434234
-96.71407408170516,-66.89087744074891,0.0
85.9058633584381,33.19198373881139,10.291052680086246
33.98330931818202,-83.1577470573635,4.204433054188197
57.03058240462755,94.7786647947739,10.694889064074594
-43.65397884921018,40.12666892810856,4.0211011253827476
17.28203323726534,68.36314788101706,7.914996098293779
-87.20894677580378,13.333867872606902,1.0395686973880176
-2.8744808130754222,-4.63972721422796,4.71708414291939
95.49902794888936,24.37647827887301,10.50624574581066
75.30104906331815,5.748302339889605,8.937501523362595
-32.36820963263088,-6.123128970969404,3.1978956492393737
92.31403090829971,51.89005029152855,11.172403054160842
-53.659674705759095,-64.35980901214637,0.3862219943476539
89.8637644831363,-65.7655903689683,7.520220513087766
88.27554094129971,-13.631469870058766,9.004832950963223
59.840517470478346,-35.8504167910108,6.916513369793593
26.089587373358228,-85.17509641739518,3.749226476146056
74.85759332498941,68.89409848374689,10.809702620761877
-41.395943098440654,54.320561338869965,4.559819685244066
69.78871106258364,8.784299960596954,8.752964551947091
23.575338383504757,95.86490745287378,9.054714142761451
-97.3526284482201,-85.47998669047894,0.0
-30.553296413556083,53.33386020557501,5.072350985489446
-70.371827810367,-46.72592167818064,0.07963095913623075
96.36587796365063,-26.28021601128492,9.029887417843984
-4.325938592002387,-56.144122959386486,3.099379381618286
-0.5217269002674669,57.80757829237305,6.708141003757818
27.894503279744725,-71.1519795956868,4.260165776116633
-26.2830787740765,68.00333954705559,5.725946247707842
-72.61994566288021,32.31552964596679,2.338468606234993
64.4235466388491,-88.19535094617706,5.575316803557143
-62.03041761944841,62.19634632003067,3.7643695086284996
2.263796509291211,25.55114323259589,5.879724122442437
-55.13659420505215,80.9964639156683,4.6730642072174415
-80.43110310119319,49.74446128172764,2.4707786833921697
72.43830348433667,12.224185485954962,8.988640738795482
94.58389780462605,67.30943612383956,11.748477973946489
92.16693161260002,-44.38995233975558,8.276648010437334
81.3110998442358,9.390012368912721,9.34725536327917
54.809466539727765,-41.27663603931797,6.502174245806849
-33.370969594271614,93.64087821810173,6.140677866829471
-83.77972200240065,-54.76073983159873,0.0
-18.55176571723854,-96.8523520659075,1.1668411521608482
-53.55317156581145,-34.82903159924075,1.2774704737322047
-73.5024730484034,0.5018793939609338,1.3399327293986576
-89.31456364263495,-94.32741315398499,0.0
45.11887284211576,11.849660006781477,7.611433442309233
-97.71450827499379,74.85655499024602,2.359971235957691
54.11614970055524,40.946438883334025,8.934200651527782
-70.61067091992498,24.593664595660854,2.2072763918735765
-84.09558348264885,91.19235014165025,3.5309913301170646
-82.07939315227893,91.65586676842116,3.645706345438688
34.409561470782876,64.85329394064573,8.666076891758514
-50.92655802943105,21.548369477170198,3.100123182843553
-15.892106663980314,-2.4470881004586573,4.1319820237872245
11.473758264783385,-97.33677735070654,2.6535845927179733
72.11023476575875,21.252381245308285,9.243083175647186
45.40885254226566,97.81761507137074,10.204971079254406
-45.934418952257076,63.62021000480581,4.611885352531321
-73.70344014177448,-31.879071223129614,0.35845585621738785
-88.9251359157604,-69.5905949911156,0.0
-39.6802731038115,56.81172289343081,4.720338031612349
-47.57637015206435,48.787564126348315,4.084808416187232
-8.771886639904068,93.40935839586461,7.363686419880735
36.65626710953609,74.96847238786776,9.081867527112838
39.125089127771446,11.132525054481476,7.290230208023017
-43.29623068356667,-79.74315060705158,0.4428939476101199
-24.014608819975905,-3.2998683232079884,3.700273509304965
-63.76980765261939,-37.260989195536595,0.693679941502932
57.70910246130373,2.4816964049679626,7.959906015214226
-88.63038471335194,-39.659685072069365,0.0
39.39944834499747,72.36459839511915,9.140910369103448
55.73907918822067,68.86540279656444,9.852916043307967
55.48151236975062,-36.906968566588816,6.666866561489867
-48.11548713092901,19.916269274798992,3.191713721697519
-25.23737241348772,-13.963828472189178,3.3192165251599386
17.519927039277803,81.81855140571264,8.33055289413527
-45.435619515106595,-62.52781971473544,0.8523844328026069
-25.82944015642225,39.54568035699185,4.894898402888643
-60.58914396287207,94.07506556744332,4.792794768879696
-8.028823248798517,-64.94489608738196,2.6502119549386154
-91.07753974917719,-59.60671431515936,0.0
59.95917691412359,38.744667734445585,9.160298877739546
-84.60871060267345,55.83078490498278,2.4444880170158103
3.767029766305214,-1.8901890412134463,5.131645817078858
-38.63798009096078,21.937293029424268,3.726219786334689
15.508589766275094,-57.46351823763425,4.051523941184727
91.88666816668501,-4.677154286534787,9.454018779738206
29.11404889120078,-77.58562382501697,4.12813372980953
-92.92751284890181,-35.715614944867056,0.0
-13.919512098387756,-43.044058993809145,3.012702625266338
2.003370463650043,-11.07492797951599,4.767920683797023
7.235498940690405,86.0252724487394,7.942533120496702
36.27850212076757,-63.74646757043152,4.901531078925433
-44.48078045364679,-19.722350675055907,2.184290457065983
-74.22788690673596,23.11944382192894,1.98218896932107
-21.464864690581138,89.31141721480034,6.606099281914953
91.28114455918976,-73.37036169284636,7.362946377174097
-62.57382164983105,83.57532339862271,4.378568619467128
80.79679098564739,-83.7892422731877,6.526162281086739
8.761190015465274,-3.851720567947112,5.3225078837348505
-8.617715670846835,-9.082026553903447,4.296653419840554
76.40828204597793,-58.07945422456089,7.07803047556207
-8.279207646282828,-30.5080663768305,3.670797626380944
44.83352732230864,-9.166946330320386,6.96666797620582
-20.194935659379595,73.04229258212584,6.181521994494795
80.80887858019153,91.01282907471196,11.770828801250936
38.00500403824546,3.785135727433044,7.013804273735264
39.92441085010336,74.01995805888438,9.2168192842717
-34.455919688576216,21.634317135355886,3.9262335296318653
51.35572854737785,-30.182531602464906,6.662310479294946
27.212211089428266,-61.16115847730619,4.5257758001522275
-51.99594532405809,-17.373045643447043,1.8790113644936839
-67.89223550294872,4.564856584769544,1.74233392239565
59.27829490346633,-91.11132234808876,5.230575074730654
91.8333206070445,-70.83176682582986,7.466713025577329
-8.372234547991425,20.036884796288007,5.1824948164890685
18.19683306473698,-54.99968106456758,4.259851221299821
71.54452883871093,67.4652752162595,10.601184698423332
-8.555309329228592,-34.61155004516188,3.533888032183714
90.37489536654724,-79.03315854934982,7.147750011846867
15.150232408974489,-83.2938822889366,3.2586951517806266
64.15342414026298,87.42460410635593,10.830409330203826
81.76874368254767,-76.39593775162416,6.796559051578659
63.10476375371377,-71.81804716758799,6.000696772658049
-68.11710731020881,72.5332115865506,3.770140982086078
25.779687812340086,-49.1423739445312,4.814713172281069
-20.31314827606458,33.190282150883235,4.980051050723268
-87.45740959533086,63.34513740597828,2.5274836424128058
-15.193549622031611,21.436128026038432,4.883406359679572
-48.26318662211846,91.49770868956989,5.331771929581173
69.80766168570216,41.77657985216828,9.743680479850156
-93.33907469066077,-77.44969801926834,0.0
91.79654437269471,11.682005309175977,9.940287377910014
-28.92623030561407,43.63730521783677,4.862807641254399
-28.658621919491424,60.39144807468904,5.3788123462661
-96.73429946325842,-94.73573294318169,0.0
-62.95353495276321,43.77578305428489,3.1655967439903856
-19.748099839278254,65.1361642038899,5.9666799341527845
85.8582834605428,49.36676218707129,10.77391703863928
-80.07701395574574,2.46982913111961,1.0702441761463009
89.06030669581591,-8.395807382239411,9.201141113323613
73.89770610932644,9.88371665996317,8.991396805265216
-9.167520618489647,40.928739765320415,5.76948616203513
-34.65982364634799,84.58285812649709,5.804494561477513
-53.45117414418863,23.407042128225,3.0296525566373185
22.892941295374868,77.56686125669393,8.471652902469561
-93.38508170489888,40.251369489145475,1.5382869994294204
-96.87878711063436,-86.33272451223048,0.0
-14.240855500352438,0.16563800032436404,4.292926364992109
-86.38518520505596,-42.70273033695153,0.0
-49.61180235078142,-42.965014373485545,1.2304594512563627
-55.76781693078323,-28.81448975680317,1.3471744607567429
-49.36176125542961,-37.05344559990485,1.420308569231374
-73.78895375694844,15.721996023420033,1.7822121928551784
-97.59275542046915,36.7203000707114,1.2219712310978847
-76.90314057225038,-46.25012258465291,0.0
23.69605190254957,-74.04747548632373,3.9633783305377666
94.85124256361007,-88.23825581310759,7.095414453787276
98.06900031217879,15.150569006110445,10.357967085792254
-18.18918092538769,-62.77396673339952,2.20732195172863
-67.40911479067893,-98.15040115526013,0.0
27.752351473305865,85.55061586474082,8.954136049607518
-1.938930690252576,7.428083816648126,5.125895979986815
97.88195545688629,-81.51036395060544,7.448786854326152
-86.93915856964396,68.58422242549707,2.7105687442827135
56.64688766276262,96.64054765802362,10.73156081287884
-42.320300533701214,-10.279867596456555,2.5755889454212424
-51.7162759846852,-91.50207835236836,0.0
32.50091430653518,-76.4908118487873,4.33032135986314
-50.78736300180711,-23.66925067091357,1.7505543297822372
33.171823511837545,77.10452748977542,8.97172700028514
3.461703440457754,-70.3922641444476,3.06131724768946
-15.182202312830142,64.7980188005391,6.184830448374665
10.937561732283797,-97.00474795619611,2.636735647928307
-42.58969601607405,-8.522260242837802,2.614847391911163
41.314941254595794,28.87942819011363,7.932129908433199
-17.02862613328719,-87.92410359488072,1.510845585489219
-27.890887902821547,22.95255012329733,4.294032108557842
65.73138291114756,88.88082429391122,10.952993874374714
84.99338239063843,-67.94801597268099,7.211228640351493
-90.79853782254061,45.92227660707056,1.8377414070850864
-53.474601434046896,21.81877958870868,2.9808333159589155
-30.296126101487346,-62.97672222415389,1.5958920282010158
62.993295874049466,-98.7593170581268,5.18688528195867
97.09828552865952,-98.14310989881459,6.910620979468538
93.79434093407036,6.418481834405725,9.88227150173569
80.98966910998539,88.5558819122387,11.70615991286643
-40.68874698719402,28.859725493122482,3.831354415433973
98.40224868289482,42.85996925874872,11.205911511907203
-50.115991788709756,-1.226902615892584,2.4573933320877344
-78.81876902355356,16.37778852691396,1.5503952046297407
90.19052221107881,-74.72649493387931,7.267731262537563
-53.31594890638074,75.36412408012615,4.595126277084747
37.95365301555009,52.158525733360364,8.462438422778316
-88.32872820388226,99.63979056892191,3.5727573068735436
46.14181982549525,-40.45541048887573,6.09342867660849
76.34404246676795,-54.596445640788424,7.179308754114745
-45.5126209068075,-74.96766840773141,0.4753389024276826
-24.188620784514285,92.84195132320895,6.575827500470554
-25.140763335816786,56.17703692560471,5.428272940977302
49.75765150802661,-66.73507725607226,5.485830257719163
-52.43855149219223,10.537294221642782,2.694191252039672
-65.6293801904714,-17.246358386544642,1.201140238880091
-10.14167026245238,-69.70279843876143,2.401832533714538
-39.1063185245361,-67.5854029940069,1.017121983952988
67.83782445173048,92.69399894903714,11.172711191057639
-52.45163479687225,-39.00716340845556,1.2072033579027206
0.47789149785228346,88.28785833678864,7.6725303249962735
88.51671993958607,-84.87786538698312,6.87950003536981
26.799539548932145,-7.839391541361891,6.104795231205751
73.45788109249295,-74.07619029664798,6.450608345725208
88.04193787095346,-99.04252295176556,6.430821204994706
50.1529723772704,10.753214741215317,7.83024506109998
39.91501204495026,-77.22117903772732,4.679115231115693
93.59311332084542,44.40490618673593,11.01180285164435
98.88015792953587,39.62327514137991,11.132706150718192
-9.635663466048072,-64.73341850710217,2.576214271484531
-85.82604436315833,88.34842865310333,3.3591506414351833
-41.44119371189623,44.208681686497926,4.254200765000126
-69.52905886245391,-40.405947168614006,0.31136864181888413
-16.502725040797642,41.84675279015812,5.430266331664861
-73.7421343053488,46.3860555363072,2.704474950821776
20.823560804176395,-31.55473374980788,5.094536027714583
-23.438388168429185,-24.882287507708156,3.081611966347296
79.077176857642,-28.178698469339977,8.108497888801901
93.55893435970037,23.323688710414814,10.377657379297464
9.376980333884433,80.08202930803589,7.871309895935298
-45.035286026480684,-65.36135275428248,0.7873951160474917
18.446083752367358,75.03992196726367,8.173501846636277
79.35223164488195,-94.4693686989315,6.133530521276153
-18.653330832850344,32.067719195644486,5.029365034226817
10.415655338394174,-17.112225362061167,5.007416006057873
-45.66944647877082,58.25631044649876,4.464216989456421
-8.9111701099946,44.23962258618059,5.881630172085687
-19.657292924080267,-3.978438570963206,3.8977821966670905
-50.3173069834058,28.77280734451935,3.34731887116529
1.1732767650616722,0.3546261399890511,5.0693026224527555
-37.92383480403772,62.30369412437665,4.972919083529414
-25.39302722385051,-4.7832028063536,3.5868525546168666
4.994088450852857,4.6311979984151606,5.388640362495098
50.11900458579751,-49.89588271656429,6.0090737477929475
-33.29850684174494,21.008603362094476,3.9653327587755873
84.83175332415271,-39.41903826603299,8.059016518226645
72.46370936718048,15.456802908596416,9.086889555616917
-90.2619408048943,-66.06437688518602,0.0
-49.271495148635445,-68.10618153176824,0.49323979661518
-10.772897468159613,-16.594051761601293,3.9635335737439807
-79.07442225150518,-14.636096977891839,0.6071959780879856
-30.30480219330059,-46.37814701749219,2.093415479810205
48.019505123536504,-73.680629926662,5.190556358376966
36.102896228565186,-92.15789215722059,4.040408046711642
24.47688571320097,-94.95363454243677,3.3752352493869457
42.105680544469124,-45.68994199870487,5.73458576726231
-59.01526260805965,-7.629311567612575,1.82035752256864
-31.66037702705357,45.24865626122539,4.774440836484083
35.248496455492585,-5.025659857198207,6.611655027058683
75.8469526062654,80.81016388705635,11.21665254692496
8.735610765619043,-92.95603908491859,2.648099365733395
-43.460069810892676,-63.86787569187313,0.9109602386991726
-93.95294839880349,-32.297101445971464,0.0
42.06736579484266,15.49923761302449,7.568345418132868
-98.42317929831192,70.54723157878848,2.195257982448058
-25.464186035800893,-29.959609608684715,2.8280024099494137
6.107442912556365,-46.40226349911598,3.913304240654339
84.42229235343862,-87.62216623142085,6.5924496307293055
-82.10109099341997,64.26069553962083,2.822766316517626
-18.811535606343256,-24.066711358664207,3.337421878922911
-95.13736005796845,14.310039083386854,0.6724331696031829
-31.477803131681938,96.71108363424409,6.327442352443225
24.446211767958985,-99.68108587914108,3.231878012023717
-44.186410354280326,-70.9099718602268,0.6633803264791798
-58.05001006887298,55.82219880387109,3.7721654606724835
-76.85935333458127,61.025497041567576,2.9877972445179637
15.428048804068368,53.8494238065511,7.386885154399952
39.054001180937206,7.399778208565849,7.174693405303836
34.39142811916446,95.77139620461122,9.592713292096558
89.77220414410147,-20.763088000935895,8.865717567176997
-99.45935722129946,20.388739622622467,0.6386943276137007
29.439330778807204,-87.32619909023035,3.85218056623345
20.07844741952792,-18.028510018532245,5.463067070420429
17.747921994057634,44.50001750198439,7.222396624762413
92.5540639680485,-52.252231845860145,8.06013624302662
-96.62566532599206,88.7655178146297,2.8316822681392875
39.29648614029003,37.35667352865781,8.085524512874237
62.73572994037269,-42.48492342848571,6.862238794164064
1.961439324316828,53.79978454117128,6.712065502450979
-33.20702608063817,-83.36704563837819,0.8386373268167455
58.16803264548099,94.95488450209132,10.757048167336789
-80.55141487351507,-90.1429481852883,0.0
-11.592872454014952,86.69117822974366,7.021091724191562
3.990474914167635,-49.42922445034776,3.7166470121979494
38.79128218690951,51.56482153817811,8.486508755490819
-81.8228535935181,-99.98526011337879,0.0
-54.44809969242781,-49.15198216408005,0.8030355504562081
-17.93968746197487,49.82012132994399,5.597619266799576
24.65893460402613,6.467214179464449,6.42696315558524
77.3921562434835,-77.00957007257702,6.5593207099968645
23.7652336482753,-21.274050832544944,5.550040157437417
-73.30770581301311,-24.890128983091486,0.5879108398565993
96.11602655745648,13.632448836189965,10.214774792958524
74.35714695109857,33.595414492043545,9.725719782316235
0.5441522290648066,68.16604848245001,7.07218906592674
84.4695963593266,-0.5537206045254806,9.206868199830566
8.276158751427147,-21.595656538965983,4.765938241402377
84.66121357783263,-71.20469318092367,7.096919883463922
65.97947372066864,60.964592997944465,10.127911475971766
93.65728205885947,42.67408108291198,10.963086535430334
83.95656215563167,-18.264520509062933,8.649892492509696
-92.79323651428611,3.6864619885338783,0.4709320339417111
-65.04559916781201,33.036568882377765,2.738817108080732
-22.17306457976285,-67.03888203049245,1.8801803100970842
90.42853945908416,-94.56044111841595,6.68461373940173
-39.994216104814086,-36.499260162662914,1.905311389879408
-67.9064712224798,19.117003927232616,2.1781865566929888
77.26093321731199,-2.6787817437082566,8.782683208554351
-10.721116903359416,38.51092537262542,5.619271916010792
81.57511887086523,63.93796111490704,10.996894776990473
-67.95390673597134,-2.311506653944818,1.5329594635830879
32.2235023016199,-73.14659525643503,4.4167772573879445
-11.947249434101636,70.12559995979316,6.506405527088713
-84.70264619394293,14.998065454822878,1.21480965394754
39.292628930500115,47.98749615657414,8.40425633122223
-50.52024889216926,40.93293072165832,3.701975477041286
-92.07689548409645,93.64235426624833,3.2054258537826272
-88.01114035008536,-40.938535532837214,0.0
-87.78429258664254,41.061354555852404,1.842626007343445
81.54659149700788,-26.86473337481634,8.271387573605905
47.9767835658202,-20.917855816271654,6.77130350380286
79.61247144274702,-53.881072668255705,7.36419139208968
34.51646225930426,-31.19796486982922,5.789884166870337
5.787985806176636,89.65935033165263,7.979179800258411
-39.110727130524346,-41.48583061047981,1.7998887251593887
99.5924502657347,-50.80187880868265,8.455566149026255
-27.562188212122123,16.627595694764395,4.120718460236826
-5.8702101572180965,-48.39280865164908,3.2547052325896226
-24.35096501530765,-5.322854881140998,3.6227661028003872
95.90538586709172,66.83525131124739,11.800326832692008
-65.06832292099884,-53.91993713856489,0.12898573979311134
-34.40239981838407,-14.661717563215987,2.8400284821843167
36.06973320300031,22.097947004006386,7.466425070270207
-87.35847633227387,9.125784914697093,0.9058497308272191
21.4498748023082,94.94464748304745,8.920833164606833
-4.470699424716784,36.07405087903902,5.858686555135331
-43.20000464757978,47.989248409687974,4.27967721991165
-52.3173438151884,93.39118959334664,5.185868497040978
2.9025486597513463,-17.112394954295794,4.631755584358693
-26.414483892591733,-28.924036987789762,2.8115546957367203
-8.696021747468933,-91.22751404672348,1.8283734912248493
-32.50452364715201,-63.15913869623457,1.4799996567553624
94.09873871919552,-52.56207358966483,8.128074728269832
-73.3121136508792,-63.299106585732304,0.0
-80.63920936432515,50.95677863931289,2.4967428909631293
-31.321654241816788,7.176596255222336,3.6492151755658306
18.205380174098252,33.52676029169345,6.916071817455716
31.83529437000564,64.09243216787473,8.514537683536524
-20.548650566391586,-53.845211742821064,2.3572111193957888
99.85559878443422,-34.81521203570017,8.948323578150706
-29.621400761391484,41.67205340731937,4.769091564150006
44.28133359199049,-21.44821081910544,6.570620355026361
27.516538906158573,-94.14581197979118,3.5514525859141934
62.610772649492134,-13.008956194624403,7.740269946635875
95.245132690764,81.65461728308284,12.211895153030685
77.95873128910804,-18.19569768142506,8.35206563401265
52.91239487154172,-33.5502167114506,6.639113242233568
39.64969556365813,97.90501658900544,9.91963527585307
-32.900366064820076,28.88311284740263,4.221475082181075
-70.46288435865853,-26.800394705763836,0.6728439408941584
-87.47279938803806,-79.59609372723853,0.0
-51.61965915970303,57.56988898928424,4.146113711693375
-13.543703763740282,41.61498669755153,5.571264412739532
4.399254725996499,84.383159849713,7.751457531791215
54.616710810974325,-56.54487399439834,6.034489320716766
91.7481846113186,-77.0151300023536,7.276955330495323
-76.5359039230378,44.81450528181273,2.517639962302492
-78.5991719612417,-59.320831600260874,0.0
17.93894460271015,-64.77923244210078,3.953570256872484
49.07961478945859,-36.038532920785585,6.372824751849362
69.63007606939698,63.36502829568752,10.382454652340474
87.16641604335771,7.907321021926151,9.59554043282567
96.6852484521284,-90.82992897954381,7.109364553220107
-20.039661555094824,-7.221065068136554,3.781384970201162
-23.932963294485376,36.79592227329505,4.907229503474582
-70.43826466054553,7.673687693803146,1.7082973977868177
36.98688773671188,14.490043631311195,7.28404569577493
31.352391688167415,-55.044534321467076,4.916283554764359
72.41251917024144,69.54786631906961,10.70706194808416
-80.54840104247188,12.279743518224834,1.3409722534231503
-0.4446184349316411,42.64920260813531,6.257245156497477
16.216385934412614,96.3728434026605,8.702004598800446
-51.68859199201632,-14.360268465093569,1.9847623464463768
-66.19491877416775,76.2133225353017,3.9766537373506634
71.9161672839243,-98.543797211775,5.639494447842965
-88.29301555288825,-93.31854147697598,0.0
-5.875819216385423,18.05598434576339,5.247888569553631
-76.83319973982294,-37.710120891559875,0.027036386262055956
-8.588247733726533,-50.34468659605995,3.060247015431875
95.99246526846187,-44.412928558208286,8.467235406676846
-15.258729308905444,-36.31941307788249,3.147481142218253
71.42498350091347,45.78953922868459,9.944935351906212
-76.53688716336123,13.839194446188912,1.5883314752176054
-45.749584647627174,57.8071945118667,4.446736602974642
-19.241451866533097,66.0393159670104,6.019106885683657
-20.037571998133856,68.58697186025643,6.055730555901
34.276695734030625,-17.071170165022494,6.201699681750856
-31.056374524898473,-15.745320736717844,2.974821651653541
42.75337368200326,85.2531760281168,9.695263964943667
27.8373798450785,32.3527189208821,7.362450559880388
-20.167770949045376,-83.90656320417224,1.474414556422564
-13.647974469136145,8.437390818493668,4.570723001098003
22.905539962064154,-28.79854807301861,5.281320555912649
-85.99156197107108,97.48699794327263,3.6250318397446244
64.48134767113805,-97.26891870754149,5.305999822330659
30.68423222272739,22.436174614111607,7.207296849559718
45.268492883567035,44.72461887977161,8.6051632105715
7.384600216478091,-42.218645728528955,4.102670638968036
-77.90457780165106,94.72830365130642,3.9466202194566398
-18.992877340610022,71.90732540434226,6.207575895099767
-18.925283430288786,83.13056819716249,6.547652874400436
-35.79140199135662,-96.1535881296903,0.3258222565414597
-94.00993501905013,13.97443026296179,0.7187361569363473
47.45084851929548,-41.06995160909066,6.140443877692054
-78.04310838749986,69.8057269871326,3.192016390238985
21.26162660901703,26.56993138299248,6.860179271940626
40.64349929344314,7.77540086422195,7.265436990598816
26.957264586738944,-77.08236606487887,4.035392247390582
91.82845039559498,8.044560957238161,9.832759348496895
-79.34036898297228,26.380829271285336,1.8244064289899455
73.43343182103982,91.1824618620409,11.407145446913217
-94.16195303021735,17.01020208477391,0.8022084110323497
6.983370985416798,93.48012034913089,8.153572159744765
-19.15127641214825,92.32122312133242,6.812072873032561
4.836772078751636,30.040067166719496,6.143040618939167
-26.980024587998045,1.1815968236177383,3.6864466753086296
-61.88661701198639,-6.795651234790128,1.7017996123569765
-96.17542051026204,78.07571222315653,2.533500341181593
3.6299627582348677,-94.34866340564865,2.351038235742284
68.55537253696846,-77.2383603952857,6.110617814989853
-25.356808851041166,-79.58565417616963,1.3445899321628527
-55.42723639700395,51.387065024210955,3.770250130876131
-83.89359930563118,-32.06979522949305,0.0
-82.93781537625932,27.59370894814019,1.6809204996312395
-55.72071074144556,20.756580768513118,2.836661885983115
-79.99718781568896,-22.834406051493673,0.3151084276707419
-46.99206032710359,6.313544448479718,2.839803317099212
-86.77010757660906,29.027706714332027,1.532325822599507
-86.87902655801487,88.19006597562768,3.3017506513680868
71.25523592455639,15.126814572196295,9.016566233393709
-67.57594785823335,22.873502353662857,2.307407677698218
11.936481164689596,-86.4288364592449,3.0039589644571327
54.69110888980612,90.44316295202239,10.447850333050978
-8.71808693218668,5.616385581877253,4.732587220846984
-69.32622442813086,60.25468397198438,3.3413292977529885
-60.08077157597713,-89.94178737052218,0.0
-13.403158743763854,-15.81797285258179,3.8553028772343536
5.646817835707154,-48.604908169459684,3.824193646701567
-30.11194159029303,-46.60482026228201,2.096258312616888
56.29592004693228,58.29074599218589,9.563518382112191
50.204329771279674,24.77334505377071,8.253416840177106
85.4423614746236,-12.050937631430386,8.910589944788269
-94.2094901946079,-97.88285208272131,0.0
79.13825824204068,92.98558858910596,11.746480569775212
-21.486242307569796,92.40465067114476,6.697827404755853
75.67449907599882,-56.48955794399231,7.089038215480173
38.156955231305915,-91.73072553668867,4.155925995464636
97.46975141479365,6.039872602380441,10.054683748811097
51.856490343333604,90.2821629232815,10.301289404865125
-27.091074800642673,82.07916915298699,6.107821334557476
0.21263456695041327,16.932572777879315,5.5186089116839
-24.722168961129753,-39.29022986925857,2.5851846558657554
-27.017632795752377,-34.00782324616081,2.628883662827557
-47.81910012378805,79.58271029720552,4.996526302726764
-0.805940925306075,-1.6431928728846117,4.910407167548158
36.34798901387225,-73.77675420657089,4.604096824496486
-44.53194573895129,-50.31490480527854,1.2639555688940791
4.875962215443991,-44.64101970650019,3.904567519577194
-76.52394116588857,-75.29066301361813,0.0
-68.03094262916174,-7.391123695741726,1.376719157669661
-90.63872905756224,83.2101816549982,2.964368996771833
94.14628855412656,33.75650859845217,10.720009685659893
-99.22792969794779,-85.50521515022878,0.0
-64.28400638846874,-98.90103643816745,0.0
22.57335062339847,-44.75046650614913,4.7861535359854495
-83.72608022933895,-27.461413041211927,0.0
76.37930061936646,55.34993380935515,10.479463045248977
43.92403156845762,93.40110478607332,9.99823472200508
93.27799428757868,-22.486565315291273,8.989302754920196
1.5271094481529701,37.33800596337221,6.1964956513088145
-39.91926336830256,98.98038147059265,5.973448275702651
9.900114559054288,49.13331677500287,6.9690052312028
86.16374345959463,27.237909817168898,10.1253244674948
4.152287448372107,-84.38502916433914,2.676063497488431
-46.55859362753627,-35.35695976105396,1.611361525791568
75.47975783482391,82.6784316914314,11.254340842484138
-25.616250297507733,-59.79890366381886,1.9252203752100474
-99.72333000020018,68.71807185464164,2.0753756556292395
-50.46299550153681,39.264737016101094,3.654792335406192
-36.35329816458752,-26.735125833849068,2.380281316755152
71.75549364638044,5.834853942531311,8.762820300594962
-8.299366586711002,8.561293750562712,4.8418704831813315
-11.082542437739846,42.810757014777266,5.730195588556326
-32.77954672002252,3.3111882198392237,3.4603583105940503
76.13562460941591,-73.38480196316675,6.605237171575793
89.00535538807827,54.69093430438252,11.09099579853539
98.37806583092586,-18.745500618776248,9.356538272983006
-24.65174660780265,92.61877804238546,6.54597601088143
93.22948912543427,-43.29724354139313,8.36255715002992
58.37591392618026,-47.38424394068308,6.4972683780885205
35.13782952885336,-33.29852086496348,5.757935850493764
-51.02210411598011,14.463403191725092,2.882796889952747
-56.70854781115804,78.97394804019646,4.5337910506479915
-66.79043509575087,-64.74367197199703,0.0
84.55132204507308,-44.06424048015596,7.905638887848975
-41.184667523366784,16.335968629572363,3.4308456827188314
-9.381150910224306,-9.133151567696984,4.256947907457875
-1.2084332025552982,-10.535422548854939,4.623515663406587
55.63431909005084,64.14685241928132,9.706121527080981
68.84699231060483,84.77566050227225,10.985619430598408
-72.18545977027745,-3.738606786023624,1.278568807905419
-14.619127957785267,37.470359089454746,5.393154374794379
68.57097756709143,60.21174220547877,10.234901144518934
63.606661151167685,3.6732820774327877,8.290531519881368
-79.51724830951672,-41.13671820925293,0.0
-68.7233302264074,27.61691954445675,2.3923410750133325
-39.16026168011844,17.02182006121184,3.552641517830433
-84.92818618333193,80.31256394792209,3.1629676092710652
-15.067399431881427,-89.5185926460288,1.5610722490250648
-78.47645897008363,82.02627742669335,3.5369653742966194
13.643518733969003,6.8864056330719166,5.888768105690608
-50.68861203776878,-96.86477679001722,0.0
19.28661306992454,-31.059564246442378,5.032543726102956
-76.49487141927247,44.866712775063945,2.5212578122882947
95.17677368370667,-2.3133824128334055,9.689437211800332
86.51224077146807,96.0318074881985,12.206566263219358
-21.640612287066844,-15.477985233790292,3.453629828632949
-51.56428117478291,-34.67295407479844,1.381597319016901
-49.920357429285446,64.33438688591363,4.434013735113137
-3.3212929595215996,9.581339871606275,5.121375548172108
-92.00143961985661,36.46531581251179,1.4938874933825228
27.9410212150254,61.1404676077355,8.231265088983335
-18.33941833205104,34.28550922512406,5.1115943601511695
-24.518685482222537,-15.51850104626709,3.3085106945008604
61.87299429783968,-75.04071042113986,5.842428402257788
41.80709203665799,16.049633314260106,7.571843601260703
90.86676307853841,79.48666534585192,11.927938114302478
-29.612751900861852,-16.221514696317,3.032716964067397
79.50855292988109,82.1450469685681,11.439779055551098
53.99343725001776,0.7055639564804039,7.720838781195301
-28.515069681057398,24.168312488495317,4.299295890601989
24.333087290651562,66.59769521112858,8.214585220866436
-42.286008469660885,12.919421928144303,3.273282234361285
74.87998341496848,-81.8061321408873,6.289815206521805
-77.51453655753775,96.19588016007901,4.010149576925483
-57.513127741191795,-50.830139617433254,0.5994394244174126
-63.39334158401577,42.10106572603971,3.0933648925804027
-19.394799519142268,1.0226877235477474,4.060940655749319
49.04659200642584,-4.2454726364583735,7.324965421227541
5.381489810436065,-51.21183622662171,3.732719403723152
-2.4647352923584833,44.43015314002082,6.209667829582701
-99.89080702060087,-77.44234703380255,0.0
-14.919654928989061,98.09066187229703,7.196737109719457
-87.28924503276832,69.07470742144076,2.7077789710048066
-58.349349575703236,6.9017880011584225,2.2895861612495905
86.47878779209887,-15.089408788398103,8.871257125953
-56.92035913135236,-42.70707350802647,0.872769838191588
71.66752772685248,0.3182941881535015,8.592925211987229
60.578674312266855,75.88349240483362,10.305438487758352
-68.17075261155144,-44.99871985986328,0.24150077362653022
21.14239145405577,0.10749176062718391,6.060344325521604
-76.86762561899734,-53.090019586593826,0.0
45.57763167390229,-32.5701772670097,6.301776265684824
27.49245547444133,-61.94789821533351,4.516185827262062
62.38771233820387,98.10783878423757,11.062620780437321
-4.123090122162381,14.299489292491117,5.222830172666614
82.97261756667658,46.563024807339104,10.545521622554002
-90.13021064231205,-80.35001730959266,0.0
-41.422286994597066,-26.77648998513685,2.1255909507160413
43.0105194930334,78.52796060946429,9.5063647929356
-16.378157650399828,-83.11233471521042,1.6877220760236957
-65.40972914576872,-66.90335433207737,0.0
-78.5578509142908,25.083522070233727,1.8246131163924715
63.467822292324286,24.557798820845036,8.910125079241565
-5.371404306871156,67.64540889078592,6.76079205138002
76.45673438382147,87.09855277428429,11.435793302419603
46.65782686334521,-71.60270491494725,5.184810195718843
-18.054758873851284,-48.12523629460011,2.6535049674694324
-25.29779716886327,-14.507718861348835,3.299878575716371
3.1276693302503418,-99.81934289575007,2.1618031796400152
77.81199063794574,-86.03713940806101,6.309485349655457
47.455715942833564,-54.70174441179567,5.731733464787808
-98.96940714619535,-3.7796071968376594,0.0
38.83157027382512,-49.695452366277436,5.450714942702933
83.90148138116413,75.33637844460961,11.455165422396496
42.091151900898325,-35.14542489159777,6.050194848296983
-64.59884368650081,84.92456242852572,4.31779468853073
-3.2963745145082584,94.95745214694199,7.683904838682846
-71.93679641531611,-10.027693218484245,1.1023293826796672
-28.20094433207359,-54.574236620135274,1.952725684792262
87.42340838810355,-41.66677331539934,8.121167219943198
84.66106151174165,55.266736331889234,10.89105516554376
-43.43262956478342,-45.33005844148179,1.4684667685163753
-32.073791166760174,-23.883426415943077,2.679807649183699
20.042573626258786,-4.284828303630036,5.873583832204038
92.639459052076,15.02222329399683,10.082639651423705
-70.43973318692191,99.22008806024763,4.454615982461332
-48.61667126266618,-53.558048967281536,0.9624249678482446
74.71136545815429,-29.315259350366233,7.856110492396728
-1.621553658331095,-47.4217645978978,3.4962693791465114
79.79221844540635,-27.77731267125793,8.15629154213258
-62.896420495364744,-79.8390966210759,0.0
6.533717494272139,-28.038046551790558,4.48554447815989
-34.74607347012552,77.5730062928777,5.589886515280055
-36.691488021504796,-40.28203043071019,1.9569646860034542
-10.624607210760175,-25.61304403018623,3.700378318556404
-13.384510179746314,88.89483288758692,6.997619477640292
-28.53062406440911,45.67579926537363,4.943742774740754
82.99415406312372,3.3477429636096616,9.250139992064476
46.348837086578555,55.43854568068812,8.98059822474957
45.509398266305936,-75.36407022909921,5.014547806442321
-42.01731008160892,-7.101929355831544,2.6860766152446076
15.541884863368068,-76.35277425282673,3.4865110155836017
55.83588666036681,-53.276370996084,6.193503203135821
59.11807370864261,-71.62654805194828,5.807107243873682
-31.09390784913755,-27.639752166172144,2.6161120425579583
54.17455131372958,-23.672135920814824,6.998563488062034
47.17877936154659,89.46171636664818,10.042790459076775
-71.69870287561994,-47.17485376249415,0.0
73.18909371329545,-5.5142309366966344,8.494027757563874
-11.735705963917837,62.275880792697336,6.281491125585028
-2.7179102222669087,63.123517287332334,6.757810007506624
-10.326164220400528,50.06863740700405,5.985750911190095
13.569200295501503,-42.43324757198541,4.405462587615513
24.23384947341094,-1.0056761177285978,6.181522190138689
-0.3640868474113148,-62.75768096265535,3.0990652287497737
73.35770865181911,-62.32009544343915,6.798282569287781
25.54695123905688,-12.831757372337819,5.89239484078271
-19.714410138896014,47.71844424858821,5.4458328205128455
-16.6616486182578,5.316851999567575,4.326423129074137
62.16772302579028,77.33664416949046,10.428485476374227
-30.361611450695975,66.18175955551519,5.467372214130656
-57.709040843517286,-93.67891143591889,0.0
-88.12336239884215,13.683808573243212,1.0043461372551885
75.20536958411483,21.832252871128617,9.4152360653396
83.70929023807,92.3150288600163,11.954915377703989
-75.9759635673048,-95.35267465822766,0.0
-33.10525170077703,6.2207541937257815,3.5313600407729218
-64.92558609695124,-59.04372761282952,0.0
-76.82030623482405,-89.26741874168218,0.0
79.97334860000603,17.497704946344655,9.523598578390642
-88.6245481709289,54.520828726560495,2.2043974532503694
96.09713269380137,54.97308984503758,11.454049330041196
-80.70982786052316,-93.94231796881864,0.0
72.69412983871715,-18.610719945682135,8.076384893565393
13.301221397832535,-91.0980745702759,2.93211883278335
-26.416502436425333,-50.43227060184605,2.1662067601233517
-31.531524674968423,-61.42385944841033,1.580707982799269
51.472828647541746,-56.96348415156856,5.86473690783003
-37.08534099914256,-32.17631719309428,2.1804434342500434
31.463783323428373,-44.51639163280034,5.237697417187409
3.4652167032160293,92.45598226551965,7.946940303126391
-3.006870968385897,-29.51857599812358,3.964099171636998
80.23243412983231,78.83450305859438,11.376656798249448
10.929011724051918,-63.791665695814984,3.6327006153281465
65.37232060973898,52.749373437642845,9.851097233616233
45.11470682029787,-87.73089279507144,4.62380855716275
-92.28855078820033,-7.44775410613174,0.16213983740603144
54.62201050108385,-98.89791195289482,4.764163166467348
-56.62594998179187,62.058152613887216,4.030447079327023
80.6299293703143,90.09720720755678,11.734412684742418
-91.41516187823359,-92.97852583457087,0.0
-33.38559310513625,86.7692722946629,5.933798513583074
-80.05341055304919,54.770778298270585,2.640452821295658
-4.882176583031253,-28.227684241440926,3.9090606436052093
64.00448717395037,81.77531024456104,10.653483666034349
-40.36252806738718,-40.74854574981981,1.7594172241360466
-69.81302053779169,-18.140937553047593,0.965120846518988
-33.94659286062016,-80.65774756159567,0.8829379301211215
62.77602838412719,31.3877923800288,9.080435190607222
-71.92320844013062,-94.07983425154562,0.0
-54.52751018449964,-3.018944960192556,2.1830561419692414
-86.22960710132521,36.63837005050675,1.7876707464489412
41.142008797921534,64.24752018982218,8.984526045590743
-20.953351292732634,-70.01172207566756,1.8519807730933415
-37.832004571336796,50.81807324974349,4.632941968925465
43.72527806823038,43.815404711005925,8.500726044741697
-32.804491531948955,11.914106823956843,3.7171986281212575
45.55425464288362,16.92891955757281,7.785580318871365
63.039879062862695,-81.74585582864438,5.699618278283804
-56.46743130845231,20.094208648076048,2.7794546940196656
94.76373936919666,-23.69555858583354,9.027320210884827
-67.52841041746665,73.5161702683294,3.8290645871765494
-41.831818668651486,-37.38022365280196,1.7870023569833666
-64.04094183329167,15.319015472704933,2.257523372516564
-30.898868728733106,-14.685720059761124,3.0144849617705107
-3.9878224358488694,75.25238765006262,7.058180507709435
4.435173800423826,-49.21666660216219,3.7452586919563258
70.7212084592544,-84.23952793810791,6.008874584819482
77.88958176317331,49.73114419662792,10.386413414057504
-55.97922784381873,-17.420676618335705,1.6784183092589924
24.57880643715049,17.819671825258297,6.763530476615273
-77.70078854025688,-94.72213365732978,0.0
-8.206027963586337,90.4219582794804,7.302357350205095
-35.53329239067638,75.5236754769953,5.48904564477604
-36.69985090927872,24.773580115455502,3.9082148579997287
-3.4831516575797963,-96.59403157747639,1.928021469796719
45.96552710585351,-24.404705203424683,6.566135199189935
-86.1634682415221,95.75930754842977,3.5646058143767885
75.8346675374809,36.266071748046926,9.879715529315453
46.96275492611221,-67.80242773731618,5.314064914186125
-64.70012222218797,-7.880650269099874,1.5285743808176049
87.83218181747407,93.34754876869721,12.19203555393462
1.2624448046777275,6.94163488331867,5.271371286733446
99.96171562339308,-95.07709439403509,7.1457729493486015
-60.54810513985247,23.954416855195547,2.691227248663243
6.98163967664027,-45.75669381376804,3.9763811694189726
-41.95039148801432,-80.23080962461913,0.49555613686071
-39.16528852215069,-19.418311053621395,2.4591862422838235
18.213076166798032,11.704619486448962,6.261792392933371
84.34381337416664,-96.59185639043946,6.319434976995149
61.052771115835014,11.809361727189497,8.406919407607436
44.78827970026518,2.2406293679274825,7.306632866051084
11.83475642034044,58.781676619752034,7.355188119609583
84.45970073348954,-15.290036636920561,8.76428393756686
-1.5277186618231724,10.690085933977244,5.244316644928158
74.76643566694364,48.40186081142525,10.190377607689939
66.79632877532634,79.4291743563891,10.72269166945799
-57.23293063968269,-23.993084795262504,1.41856092415799
54.24509259318205,20.326699156629303,8.322055604357981
-97.56576861134825,38.922180683276366,1.2893769899308785
-35.4340924903825,-91.34586471156076,0.48791943413405203
-54.08651106161004,60.15210169722695,4.100237497836306
1.3725916974626955,-24.513962956921233,4.333210696165498
47.370632336157115,34.04778828872196,8.389965265469515
-80.46472651045518,-5.6671867590101925,0.8067480717069353
2.984440387353686,40.46782853834145,6.363256875517928
87.68240433887712,44.86619584715578,10.730106092358529
-54.270689803410896,-61.68579730270653,0.435891590748259
35.42822882228484,32.4348468572901,7.744456846832945
18.57605415623152,70.26468757641743,8.036743335104099
-97.98726086878133,-52.886559899005036,0.0
-4.834760828555446,51.63669397877558,6.307362777935495
41.75407818820972,26.765022631044715,7.890654588341827
-91.20491359518188,91.02520689451276,3.1705105270762886
75.90429660474604,-47.95068454164784,7.356694293987867
4.016283327134616,-69.14444446839929,3.1264808323047526
-93.86779033485641,-37.57579694366002,0.0
-55.11727761583196,-48.40824436041626,0.791888788395914
90.7351392854626,51.36655209470257,11.077753527114208
16.463946610411057,46.62186076935967,7.221853153601343
-78.50548644623909,33.93698017106678,2.0928350828200486
-42.4910995438877,-56.72417710830244,1.1737197095565417
-8.659274827903161,72.36136148781793,6.73787710323938
-95.80998614645391,91.31431117178553,2.94893002783087
-17.676897277248244,6.3211636217289,4.305790044789455
-2.1082729130603752,29.874546125877174,5.790822738123296
-51.26442494375356,0.1384198041124165,2.4409313469356944
17.72780005839732,-43.28845697947923,4.587736293535489
50.64802391843537,-42.770479200679155,6.2492868199013945
-52.8331551788729,-37.31589545301737,1.2388653774658338
24.099980055997534,-61.829999167169206,4.3500990277848
27.92444859274832,80.38472652586353,8.807764225413322
89.70806022576821,71.67962680933718,11.635791815568526
55.65523345928875,-7.672127736232653,7.552597840877459
69.6690539580012,-26.549717487965907,7.686961173261083
-1.916018312744967,87.81567130941971,7.538669223645343
-62.930282604123434,-55.52530615343798,0.1877266851906887
99.16305859192701,10.708391893360329,10.27940468639716
-74.12884779226007,-89.10036889156747,0.0
-5.708536129146921,-61.7595605965102,2.861786375647348
-86.38138015157868,20.805386671901942,1.3050925925781236
88.77017147016392,32.43673056883395,10.411610490573214
92.98498816968791,16.19916373464794,10.135224320523834
43.87781240079471,73.92028319985795,9.411499116035474
-30.00143127396622,98.6810441645494,6.460359761238171
-49.123519776475135,52.77236843058225,4.126995064093711
-46.93933509259052,-6.981643171248237,2.4435839502330268
-74.54119491598505,66.78693389082053,3.276548270925364
5.161790615344586,-75.92252116679967,2.980413895763239
-71.6365448597045,36.65413928918596,2.5177969356903533
-36.65386668930874,3.6675574906867894,3.2773333902551665
25.341295191820976,-64.38682274885632,4.33546007712536
45.50872191814997,94.58672345604279,10.113037799588783
-95.14545907558775,-32.3125160442505,0.0
-13.976803124652008,23.084681192676683,4.9937002795477
30.424918968427818,75.7188475049904,8.792811373571103
70.64919523170258,1.337768782964119,8.572592825074052
-4.935043557583512,-76.97242996471363,2.4440749231794157
93.84117434353703,63.74781686945798,11.60449322326059
-46.87349049171055,-29.357246588239903,1.7756080777672754
-97.29825867465622,96.61337377836776,3.033488279618221
-3.24942705965276,76.76508928891161,7.140481325684711
-48.77724099599641,70.68986666979146,4.681833950293923
64.74353440463386,-28.749364492420113,7.37469578545909
-53.44546556377758,51.42595556181314,3.870505388665515
-37.87415634173874,97.26581260031776,6.024266560922595
58.24548620382245,5.264322390266258,8.07020398189911
43.028650405072,-5.853569008953684,6.975825449984989
11.610247331452513,-97.06683580558584,2.668507292405051
40.98961238455189,40.040753746987264,8.250703231637212
-16.2726272859947,71.69551372037083,6.337234047311389
-98.93799047706644,-50.508562783634005,0.0
-97.72897429756149,-36.99508457706864,0.0
2.244357514737331,0.135404265231287,5.116280003693805
-83.34180405620015,-85.58396852769663,0.0
-89.78490396614865,-82.07150478025261,0.0
93.10332782749467,-15.777848222383838,9.181830944703218
71.80052793161173,-47.75620945931567,7.1573401128011165
-69.59455455808609,-18.7925394934463,0.9564960872923063
-99.8671562819591,-9.122740380012402,0.0
88.33355907795129,95.25467934782364,12.274318334332273
-44.33494033597714,88.85196402056746,5.448811903818167
-62.8204794289005,-72.05396969204678,0.0
38.30162156630706,76.51719474644929,9.21059692070883
-78.21925223173476,-83.95866753398428,0.0
-47.07008039943994,1.527093943550824,2.6923087983345275
95.01893604240931,-67.21801997804693,7.734406202779058
27.892554894802046,-26.8215709286132,5.589980616881706
4.135558296510709,48.66804512973292,6.666819268717523
-20.41627703301245,-15.098904128630025,3.5262190244904765
54.900190976840406,61.39025751426675,9.586717274270022
-71.80850469526126,43.763142207508366,2.7224690314621878
93.46756040739643,88.56788924220325,12.33041469763592
72.22460161315735,6.83120411717546,8.81616620417313
23.531396513848662,60.42959079755906,7.989457549619205
-91.41876191948836,-35.41857873258962,0.0
40.17112988954753,-30.850830982027077,6.083031565016564
82.65686817709616,-19.897907283698913,8.535906190343841
4.91541349572519,-17.816853140382193,4.711265080574794
-29.155035634547446,-79.3493558668051,1.1617675422684748
-75.94453100410607,3.819787866372721,1.317367085785878
50.98022082751365,-80.63935614619488,5.129830356989836
77.00437024236123,77.95242716395282,11.188791327036647
-79.94965118483029,-87.63104335534138,0.0
51.7969109504684,-10.061113938138249,7.288012129379273
-96.5879027481805,-43.0611867219139,0.0
93.41098361544391,-69.02611686910419,7.59976567469907
23.01160412701924,56.76733816844245,7.853600351404236
10.487811798326632,42.98647978390514,6.813984983433485
-40.81003328221444,-70.81042196369738,0.835185676978357
85.85833431395668,26.55312822126203,10.089510562335695
-46.8188745326418,58.5110334660892,4.414387277350586
65.62932264333898,54.666444073977374,9.92145945438627
97.0217358674264,-81.54408046732769,7.404764379351489
56.67932910296116,37.102543809155264,8.947042769422715
3.7979840772863582,43.20478417671541,6.48604272916578
-86.78514722966561,72.43325340840545,2.8337402407688828
-5.51724216578539,1.6088677729973426,4.772403924900651
-12.348810605659281,-7.7811999393285305,4.14912347153718
-59.44079176260095,93.02326498389397,4.81865836138677
-15.28247265713911,59.3024511477507,6.014949901575566
-28.448423183932263,11.746198161297798,3.929964785642321
-67.2631477696703,-33.87658573774411,0.6205450393841616
-11.725171333502772,69.04759920070214,6.485169409345925
-47.44000873510219,-8.912722107119066,2.3606179000313183
4.412484136452875,-81.46296156836787,2.7767353597716076
-92.96798805676116,-9.019145457312035,0.08102623344258042
81.24628395745682,74.39367923002925,11.294124574773718
63.27286110397122,-10.343570621110914,7.853335936565234
10.516266502100919,-97.13017045192997,2.611908211547147
70.36171655144864,22.29706478329392,9.18699777107125
92.47901476216009,99.16600068227973,12.598930758576397
-77.89554118946789,63.44971680810235,3.0087144447696756
26.166361681960765,23.447589323629586,7.0117457638069265
99.59880018713173,82.87977735957699,12.466333330143897
97.57783386670522,62.716336330212386,11.760381783241634
20.664598458148916,-0.2721294519919155,6.0250660393476885
-74.39582590983667,18.244057081476356,1.8275304169524569
16.638566198105636,46.25856184060396,7.2196851651234
-99.58707288511566,69.28523279577294,2.0992033396174046
-60.21773306662808,-88.36471952465772,0.0
91.22463191199199,54.96077143223022,11.210054738566507
-33.91188547943122,-10.49931200435961,2.9894263658976508
27.678021155389715,32.15971206030815,7.348692419578731
-43.828101073551466,52.92660219177,4.396393012075526
89.5643774223179,7.900385005489667,9.715230421280584
45.711745989897366,-68.29702988392019,5.236676402977263
-34.06976848371748,-18.09463369634679,2.7536725649237224
58.35228423607418,-84.62540124952405,5.378852174317988
-78.36689510473246,37.86013823105276,2.2174593916949594
-21.536211986908114,90.74123639261668,6.645426492433095
-55.75637445368153,59.0505624448374,3.983698150661045
36.745289455209246,-22.042715442576252,6.175983009483175
-79.51074364561393,16.858299201098873,1.5302117937522697
-20.594833543465185,-39.15986483062617,2.7954623779079557
-44.67005395816208,8.209119910992996,3.012770899421686
1.2685838647608279,-39.854618843071954,3.8677906279458827
-30.02046389922421,47.66495135972201,4.92892534583045
41.28211553340219,-48.1316984025949,5.620154824592262
-95.08459513860679,92.80407808677887,3.0298925856730268
26.797384261181506,32.389746434706296,7.311561606100264
-53.885742061235995,-86.24443046323125,0.0
-46.25819424863013,-97.84444729886137,0.0
60.0511207167047,99.4092688410201,10.984834101065838
91.11367879608417,-55.89888435684129,7.87871740909897
-36.68995799458268,-37.48745030856448,2.0408785910139313
65.36105407381513,-58.31719715957833,6.518536788903407
-79.20183240575338,85.62035449423647,3.608519014539425
26.79633060147664,30.40257193372281,7.2518936880855165
50.20645990698375,0.8772647112221534,7.536640936685853
-68.80441439310869,11.530162898514078,1.905684167299988
-14.799522466087893,-36.42543054016254,3.1672609604907294
78.54143284979631,22.83500047276827,9.612121656672864
-79.28430731032556,-16.079927309013613,0.5533868152133135
-96.38072835970497,-60.15437071516416,0.0
18.11707580958675,31.32101994197629,6.845484388738626
-12.893691893813312,-25.231886148157585,3.5983588208646067
59.737849776780536,57.01327582343231,9.697290763541996
84.69110764082131,-16.921008498094594,8.726925127098228
-40.16927109123678,1.6542750092392708,3.041164695715339
-22.31917656617894,57.49329583617927,5.6088400467764306
-2.745582734137031,-10.424381416053777,4.549989420811535
17.630292087059857,93.2442270248329,8.67884141509798
96.77076593632336,58.605733439022345,11.596710299986839
39.46605016601029,65.28608106299572,8.931884940190386
-22.090298530886244,90.78409334074553,6.619007873678053
-47.246462709907576,-22.229874231358508,1.9707806375638661
88.92514368442482,16.01605283643417,9.926738769314266
-72.89031337829871,38.718348159120694,2.5170347758586846
44.05317050095161,34.69169670812616,8.243409426291365
85.07900505848812,90.58735891220391,11.971571020290524
32.93311730688774,-42.33027322433309,5.376747668614394
-15.389111966775772,-41.72769427480161,2.978713573417163
-60.2018120149032,83.60088040782932,4.49793581148972
-26.504935549614544,59.861128345311926,5.47058707287863
41.37436188402441,-59.328675186080446,5.288857838618807
29.90684483505936,14.009375618553534,6.915623510309574
85.59523331967159,49.152746819265644,10.75434407056155
73.37218273187497,-29.39272191049818,7.786827479278804
63.230150453273666,-13.123549755721982,7.7678010299920235
82.29017507015246,15.079322332178592,9.566888423472982
-44.73256945259012,-6.578288490357892,2.566022872659757
-26.0952919720701,50.608478013806575,5.213489741810692
-24.02121924279652,-98.81224926338605,0.8345715599585919
12.09011774195605,-13.073495121789904,5.212301033444105
33.64364590855419,-32.48372493422569,5.707670547400939
-42.656663391921136,21.832810565965374,3.522151147382904
-96.10750653813993,55.19168837627194,1.8503753243811607
-20.155523268418136,-84.77096755969396,1.4490948097882748
-38.294408089119905,-68.38805327976152,1.0336379971511591
88.43694380360958,33.01632482840665,10.412336935032679
77.6530081088087,47.6804882030834,10.313065051532938
72.06213566868391,17.640355415767075,9.132317445907209
30.599952189048594,96.56066979358528,9.426817703259989
-31.142167060212216,-0.10770217868507359,3.4396605816288366
9.769853479860942,-72.74153298047128,3.306246684578909
63.04500814327454,37.258212074216004,9.269996769390207
-80.27792625543779,20.415104438959617,1.5985568203968983
60.214976051060944,18.084295006052685,8.553277652734629
-91.76404173437567,9.170727049279634,0.6869197247596057
63.284206242871136,87.81914190990778,10.798784569440791
61.5127608319747,-74.1687206346884,5.850576422558083
-89.79853823424884,-85.36054029500433,0.0
25.43214229237165,-69.17656612453604,4.196310130882502
0.49061486257943443,-51.001958019009905,3.4944720025586746
-66.03609936565707,18.589263887293825,2.255872948335961
-70.32421246452486,22.48504981934687,2.158340871354163
54.651825213404635,-53.47962450858314,6.128202525412737
13.538549767368806,-2.154900137812504,5.6122804842340654
96.59982698330649,-3.587629446453036,9.722362465771734
96.44955545766882,-9.377846742955015,9.541142370594791
98.53339869285327,60.709058982531616,11.747941704118613
-76.27689632684682,-5.661386024873622,1.01631360291145
87.65122739279246,51.673099191233206,10.932754345376619
-51.08607819588744,-66.70377363904038,0.44458288103441657
-8.357548048277593,6.393468814633607,4.773926662025128
51.481311164345186,64.82095521263912,9.518694214596433
-59.2758135845536,-64.45668321674847,0.10250882426986507
13.262321110865983,-7.015566260467537,5.452649067729273
-62.83665035480086,21.81586320714335,2.5126433784742574
-79.05277866374135,-63.04508503254254,0.0
-76.6882775140803,51.3531211822806,2.706179759764403
-28.472193030356237,-84.20075044073651,1.0503678352600927
-99.0690326325633,89.28310178154376,2.7250414218181467
-15.029215759662094,-6.355701156372845,4.05786817732571
32.83942101622981,-32.775382726904695,5.658709569004349
-19.66236299920226,-76.63859856747193,1.7177238930157293
-82.84107989603298,-13.480671386427062,0.45352586360553904
-87.46222759527188,31.96080587815436,1.5857127965810363
-44.37669744702766,-81.10254417152319,0.3480888025029216
-66.13746189127986,-38.74618096645028,0.5307414764424987
93.01899464359389,67.20351655454223,11.667055228815961
-69.753955005183,29.236205119665442,2.389388403330813
61.092487480999324,-58.72539762847522,6.29286244519571
17.22158834822895,-67.81804084138216,3.826538192169983
13.857383996858871,80.89700524017996,8.119779357048342
2.416143184756919,-42.59595573180312,3.8429284872837526
94.3526152227902,-64.09996622027394,7.794631774531292
-27.23104498167244,99.99280370852048,6.638231862171993
57.58315019077526,-38.16163444441882,6.734308476206198
11.058821493391918,-75.05196243812726,3.301382201525778
-20.873266474854773,-7.648474049410581,3.7268824547749437
91.09318666115618,-13.130977960303582,9.160729994248701
19.663193872937427,85.36049516606622,8.543974548628857
-76.21661157079728,-73.15901050473906,0.0
-16.492159800628684,-81.77271877413864,1.7222104467444064
56.316345536321535,-81.40426581866399,5.373689302256157
38.749404647842766,80.85749316444728,9.363195027325556
83.26806596731484,-10.126164407784572,8.859618366132205
-48.124523171695955,-69.87869436895487,0.4974130103465555
51.63874327076476,18.766019675858118,8.144917753813981
-8.024958521095812,7.524671130166411,4.824492207850202
14.72194939336309,-60.31865045022013,3.9265379561615505
91.00933620125659,20.607627885274198,10.168695646621055
95.85726399783547,-31.953753136610885,8.834250605793446
72.3181927851127,-52.32584645382601,7.0461342456408556
-28.180582453940744,2.0801221798056275,3.6533745426971316
77.54016714546395,-41.67014769672248,7.626903926371523
27.721835528282597,-55.572015647757354,4.71893130698141
-14.000643905857373,75.94448165993484,6.578302254505177
-92.85146349990325,-68.84748468531654,0.0
54.025624838316446,-43.8820045430335,6.384821105624817
0.42111614482260507,-22.772324030034866,4.3378860863400845
57.23769989301215,-45.27233793999543,6.5037148564507445
49.60455986865398,-57.85787148444608,5.744491848899317
58.71347360967039,54.22921941091761,9.562550262811047
-39.86976826064663,-34.1967682552837,1.9806085393091575
60.15971981352618,-77.4974084601323,5.68306373687234
9.769265693233464,8.179032491339157,5.733834259401847
-5.334759910171357,-74.90230055271795,2.486192987909894
35.025182764151396,-28.496078511814417,5.896376782853137
-95.72826341233034,76.36535245445677,2.504547403017186
-79.53663682248116,-26.167760978756064,0.23813532951326
-41.5645269664956,26.50179485765001,3.7168274974047204
96.59802199156792,2.9251072017262487,9.917654315630184
-72.05084422700901,-72.45503084440487,0.0
-33.88073984815793,29.813919558167044,4.200380594337115
-89.78938706161527,71.20699938676125,2.6467406285220743
-33.746223941454744,-81.35750519093119,0.8719636471993271
-35.934742697833684,50.7360178259583,4.725343399887064
89.36143418890444,38.042256303795625,10.60933939855909
69.03081739914407,73.33211499942917,10.651504319940079
-23.447156151445697,-79.1816135733066,1.4521937852285172
-95.04618839215027,-38.860924120664244,0.0
66.20622279907565,38.858297445274815,9.476060063312026
32.10723542890804,-95.59640422266995,3.7374696447653037
-69.52710326973806,46.815135546097736,2.9280989028960285
99.21425420203744,71.59571580022418,12.108584184108597
-79.95331251517538,-9.33918952464849,0.7221586885017759
73.42290831873257,-13.134019314669573,8.27712483649654
-41.146767174062205,-44.3062075861268,1.6134754137130853
-12.929306734968591,-98.98962599898253,1.3838458832820946
59.09130535526293,-62.73929666672879,6.0723863677612835
35.50167119880206,95.97282368447424,9.65426827047433
87.57287488880783,73.45721542427134,11.58236020716853
24.228065092076648,-46.69907225021572,4.810431087097361
-80.43796770418945,92.74977142420929,3.760594757516806
76.87207264839006,-26.457476809342822,8.04987932813922
53.83110499771823,-40.482925049763985,6.477067498392993
42.3740901786644,-69.43847291002297,5.035550321632531
-89.25329052925292,80.32221390213482,2.9470018906013986
-20.755451067651194,97.39849821337185,6.884182393018596
-66.51283610809216,-34.51771918946352,0.6388266189114864
64.38078168157381,40.686084671685364,9.43962162422925
40.10572456357255,-32.93931803808907,6.017106687035955
76.61551946382704,-79.00185213890896,6.460720409024084
93.31502138483279,-21.46153862353522,9.021904910535582
54.94952283849972,10.313992152235201,8.056895906492041
98.84661664415242,-75.39664816470115,7.680431387266587
22.95397722885977,63.65455495795223,8.057335510181556
-92.57407922171043,-0.5273766213420998,0.35547474027421533
-97.14969696994082,-53.123409499085405,0.0
-31.579224959242254,18.551915708588666,3.9775962232955475
64.69434381350743,58.65186121088041,9.994273027001784
73.22694126494619,-34.47513018960484,7.627093157559164
92.16250576453558,40.29526488011888,10.816983234630346
-86.97570629023632,-14.428164003862534,0.2183697653723078
-91.08577780246718,92.81023376912017,3.2300181229502463
82.65671927340674,54.18801732054632,10.758476483286728
-38.99066032742768,-28.729819495595805,2.1885723987607415
11.597480121926537,-96.45040818764758,2.6863617604668995
96.48897660014197,31.503979076085585,10.769568202289665
-19.910293052815334,-60.42556828302954,2.191718298868347
33.17427966196797,-75.62416487017344,4.389989036993196
-19.82408727360294,86.35529027935874,6.599454344700614
53.63893289255594,99.98979404298336,10.681640465917297
5.542945114573158,-46.022235887122974,3.8964801791149686
-52.495372402730055,-39.6462895668124,1.1858426928591248
-45.738779748306754,-67.00221215236625,0.7029946480136751
-48.38815749231855,-8.463044814075246,2.326700780961815
6.464065651712161,73.16875196714952,7.518265841600094
40.63780320313285,40.301190424975545,8.240925872905908
89.85598000862842,69.26631161531753,11.570788348890947
38.81747501659598,-54.3036688652839,5.311763684871282
56.238568792478134,46.09121348169603,9.194664844074788
-66.21477682708687,83.70532567921205,4.200420929022018
-25.187474998534867,-43.716777157121925,2.429122935359599
-17.243956028346787,38.13070871823703,5.281723460129771
37.276046000094595,-19.868517662029106,6.267746770143857
-40.82160472462528,-41.95467096821548,1.7002796347222713
-39.341615716066784,93.92469375086989,5.850660026722758
-28.82216907182638,-30.273354006341464,2.650690926218437
62.06041630864644,-78.43006374786255,5.750118902996446
15.518018008669742,-22.282158075932884,5.107436158155501
-84.9445440334531,-10.464341808003525,0.43884254408723944
-84.35078006190624,50.442165099847585,2.2957259499001155
-25.74261114350014,89.98285338940056,6.412355044507009
53.31821012123166,63.41139675884253,9.568252408826858
37.736685295736095,86.1882622510212,9.472482132317442
41.59647093023733,-4.987974005013783,6.930184326361453
53.4420132108194,43.863313647286844,8.988000069959575
-42.569457422734125,-38.19008299751951,1.7258246389377083
9.651256388417593,-86.0825782961964,2.9000854705349877
8.670528063353913,-26.90529493480129,4.626367555123657
47.92650023598986,39.58304566565954,8.58381638176928
91.37411382112927,-45.075577950391256,8.216438352544726
-44.40201104090682,72.28117912830419,4.948334821803785
58.65633455140963,58.15456999658036,9.677453827467893
31.994109704652487,-61.19149016307941,4.763960780340242
16.047574172692023,-33.83264750183865,4.7873992835794414
54.97595586948037,65.06052350981835,9.700613498768568
88.80649328561987,-51.212442097740116,7.90395140134879
-92.66171642611741,-33.67957086657387,0.0
-70.51997949735586,-31.38661351538265,0.5324026196707274
51.257446300223165,60.208405565153356,9.369124481965759
-83.2417294179831,-92.59394687899665,0.0
3.224740148218615,-85.24260337571714,2.603958906139417
-56.02784467167861,15.690309632587514,2.6693170553936945
-45.1408592314497,-20.577601800786667,2.1256289844039147
40.36809658888325,26.57706392214152,7.815716747108408
-93.96144534625768,-46.707744764123426,0.0
74.66388558038074,81.91653549631215,11.1906903439084
-11.104208929546004,52.18837743489121,6.010440876569436
0.4786587814202221,-86.4507558899208,2.430410262373387
8.009592738738377,56.78109545700681,7.103912500647123
29.108858915898793,93.91647446245025,9.272937179668448
-31.028682675450383,88.4871241174946,6.103179589752319
-79.77850188730173,47.096759605089545,2.4239776937875996
-36.32421266676469,-75.28124930375688,0.9253518875490592
-66.37157639543594,15.215353168090815,2.137881775270927
11.226635890094784,-43.153454231902245,4.266728167547672
-36.39427380792271,94.04258872724944,6.001563971421348
91.61343559868698,43.49714507232187,10.885586132104006
93.14685559605613,22.153117957483843,10.321936318527321
24.0251761136483,39.01760852094526,7.371787061310773
23.4994535334572,-12.404174178063897,5.802847451330943
97.0757129134212,-25.452649712478674,9.0902061542967
77.4566302470372,87.15991588799284,11.487628988991645
53.01398983162798,-33.61457304146268,6.642262300337519
-37.28187765145976,-91.71277365345614,0.3845229078233281
-26.892194376384722,-19.83196916910852,3.0604312061075083
-59.74664684782691,58.068070524334445,3.7547097733386874
-2.570374616525072,29.693671609783877,5.762291417467263
98.07370442791591,92.43415509557494,12.676709874263045
82.43019060231777,-78.75962647617247,6.758720735830714
-76.33011319610618,82.30926044587667,3.6527721535709907
-94.96194214189877,-26.23016121718757,0.0
79.72753368165323,-5.199482915617537,8.830392196614135
7.434025589741495,-14.30356910215312,4.9425942064224815
-59.962022358308765,-76.70954378151171,0.0
34.730653916927054,-50.44070885496226,5.2233114301974854
28.844635585964,48.45431384595841,7.895861194676952
-75.58287863270657,-95.39849163086096,0.0
-48.0799533004761,-73.22244512274509,0.3993289812938423
-87.98440713734841,-94.95796624172999,0.0
-58.02790522597161,71.47761146470984,4.242933082642715
-73.53886502938742,23.464965556355935,2.027005715221307
-61.35274150508878,-66.01426757628823,0.0
37.093429182623396,53.75444461075071,8.467304797453691
-90.10005114778644,93.36011949031075,3.29580102732
-79.6290769503567,86.91207490600362,3.625908399662273
-73.16527238434247,84.30950956243305,3.8710216676558677
-36.691775808373194,-98.43795691885136,0.21227250201580006
-40.24993782961182,17.8026977970557,3.5215840424310803
-48.98724293667212,-48.67347667219415,1.0904335530005698
50.107330686483266,12.92944286197175,7.893249820183316
99.60455755162013,-36.39394216788907,8.888409612544335
6.79558472575917,-69.26669144547748,3.2617784929236344
88.8405435827884,-11.101255328330666,9.108989519289501
-20.677977574787064,-0.9807345647253101,3.9366790843188877
-78.66351063945731,97.95310136952492,4.005417509112881
-18.24523410603254,-91.52242317229198,1.3420655995296134
-40.774445317061335,-39.76896022054468,1.7682089275305928
-1.3186075421643721,70.37876901766452,7.045432693421716
31.408735383284636,31.93909962520854,7.5286097579204885
-7.789956169518362,65.33660636917918,6.570600382599457
87.0321024155651,32.058183711955564,10.313350632136922
76.95296445987597,51.90726182922657,10.404866077870595
40.395519033239424,-1.415650000588542,6.977306451644315
-2.0630175270901674,-59.0244614204805,3.126115281031077
-73.66254363710863,62.000772167439976,3.1768959831677677
-20.597266644473322,13.56413093279383,4.377060595760149
40.88030788023474,-72.09896124263406,4.881046556732715
-43.02289588925377,60.97880537417322,4.678219366762508
-79.20238449131591,91.71718207251564,3.791396237609673
81.57969150212563,-30.76722547430684,8.155967810877076
41.810161963108925,-41.2975495827113,5.851581610674107
23.055285327019433,-83.64496435848679,3.6434153355963677
58.499781121783315,32.89824528988311,8.911936414785659
67.12920751669515,91.79232369929935,11.110230086813738
-3.3082003657953294,-72.80146200167847,2.6505461216598794
76.237650281888,-2.968073736136901,8.722840302010292
83.2838021402211,-80.35236306935043,6.753619214930541
-45.68978091504372,-93.17801925803684,0.0
21.509071958158856,32.90021013352907,7.062459901913815
5.316805764093829,73.53743506869958,7.471963340265679
7.589155830380491,-32.48589277479405,4.404881008275203
87.53261879291242,75.15303488201985,11.631221986106217
-38.9622594613942,-76.58938016979363,0.7542056218364817
96.68679564691524,-52.407863616504756,8.26210387385062
80.42624296084642,80.32134538134369,11.430952509482632
-8.255422277299473,1.701978738134045,4.638288248279047
63.49065272363325,21.638476759404824,8.823686938963807
53.80939886402811,-92.39635349149842,4.918579338456453
35.578993923704246,-74.32201797042222,4.549289157072546
-36.03322212336914,-88.84183749982937,0.5330837688366614
-60.709801635809214,81.00014798993385,4.394514357907555
34.30553935315163,-73.0410072258106,4.524046750883263
68.59465928021683,69.93456532175091,10.527769923663369
-96.74944226452607,-29.79306012550937,0.0
28.560675061702398,60.11949927315601,8.2316187312798
-11.425395075557503,-26.991290508650522,3.6189915309626093
79.61755102539672,-46.46319206142471,7.586981789427095
-35.70541382915894,-81.26785976218855,0.7766935156763966
-5.16303754727565,-43.858681885173254,3.4260876660810196
2.9534208070372614,-5.704056656544012,4.976549340655542
-71.91209572578941,63.501759779359105,3.3094480070913024
42.578460539781275,-9.49700904626043,6.844012755601251
66.09526902419191,94.2871149875235,11.1333769008353
-88.41814462074795,8.326602170964591,0.8288908340915402
-41.72223589261945,-95.01087403771132,0.06356198423768777
-92.39106369298841,-16.92653996174552,0.0
91.30882093764848,37.77982147730273,10.698835691201506
33.43376414076471,-53.14167075003504,5.077438084537184
92.8400838909563,39.72599016963173,10.833783899636767
6.298855666261559,0.7394610363032399,5.337126614402175
60.41370477912278,-94.85244488337695,5.175111892454831
-25.11720322405199,54.87058989604114,5.390257535678634
-29.236193485471816,12.074740762815026,3.9004325486108598
-24.346436578973467,-83.50129938378132,1.2776391895378874
31.57242674528564,-4.95719330754541,6.42990553803792
-28.109369795669565,-42.54142364505067,2.3182888008650018
80.07349032084511,75.93630851758661,11.281763771569853
96.65497301003106,-43.01458943855025,8.542310967345045
-93.91469693259882,88.33741419483977,2.954387579215252
-61.275341919500704,9.226549869422513,2.21302940010764
-77.5500014825228,-35.277258090655735,0.06418218315418756
-91.52719058171135,62.70900348351546,2.304910575419896
-54.45180133054271,39.48007567315318,3.46181220366746
